Statecode,State,District,Headquarters,Population1.0,Population(2011),Population,Area,Area(2011),Density,Exists?
28,Andhra Pradesh,Anantapur,Anantapur,"4,083,315",4081148,4491647,"19,130",19130,235,
28,Andhra Pradesh,Chittoor,Chittoor,"4,170,468",4174064,4587515,"15,152",15152.00015,303,
28,Andhra Pradesh,East Godavari,Kakinada,"5,151,549",5154296,5666704,"10,807",10807,524,
28,Andhra Pradesh,Guntur,Guntur,"4,889,230",4887813,5378153,"11,391",11391,472,
28,Andhra Pradesh,Y.S.R.,Kadapa,"2,884,524",2882469,3172976,"15,359",15359,207,
28,Andhra Pradesh,Krishna,Machilipatnam,"4,529,009",4517398,4981910,"8,727",8727,571,
28,Andhra Pradesh,Kurnool,Kurnool,"4,046,601",4053463,4451261,"17,658",17658,252,
28,Andhra Pradesh,Prakasam,Ongole,"3,392,764",3397448,3732040,"17,626",17626,212,
28,Andhra Pradesh,Sri Potti Sriramulu Nellore,Nellore,"2,966,082",2963557,3262690,"13,076",13076,250,
28,Andhra Pradesh,Srikakulam,Srikakulam,"2,699,471",2703114,2969418,"5,837",5837,509,
28,Andhra Pradesh,Visakhapatnam,Visakhapatnam,"4,288,113",4290589,4716924,"11,161",11161,423,
28,Andhra Pradesh,Vizianagaram,Vizianagaram,"2,342,868",2344474,2577155,"6,539",6539,394,
28,Andhra Pradesh,West Godavari,Eluru,"3,934,782",3936966,4328260,"7,742",7742,559,
12,Arunachal Pradesh,Anjaw,Hawai,"21,089",21167,23198,"6,190",6190,4,
12,Arunachal Pradesh,Changlang,Changlang,"147,951",148226,162746,"4,662",4662,35,
12,Arunachal Pradesh,East Kameng,Seppa,"78,413",78690,86254,"4,134",4134,21,
12,Arunachal Pradesh,East Siang,Pasighat,"99,019",99214,108921,"3,603",3603.003769,30,
12,Arunachal Pradesh,Kamle,Raga,"22,256",,24482,200,,122,
12,Arunachal Pradesh,Kra Daadi,Jamin,N/A,,N/A,N/A,,N/A,
12,Arunachal Pradesh,Kurung Kumey,Koloriang,"89,717",92076,98689,"6,040",6040,16,
12,Arunachal Pradesh,Lepa Rada,Basar,N/A,,N/A,N/A,,N/A,
12,Arunachal Pradesh,Lohit,Tezu,"145,538",145726,160092,"2,402",5212,67,
12,Arunachal Pradesh,Longding,Longding,"60,000",,66000,"1,200",,55,
12,Arunachal Pradesh,Lower Dibang Valley,Roing,"53,986",54080,59385,"3,900",3899.998203,15,
12,Arunachal Pradesh,Lower Siang,Likabali,"80,597",,88657,N/A,,N/A,
12,Arunachal Pradesh,Lower Subansiri,Ziro,"82,839",83030,91123,"3,508",3508,26,
12,Arunachal Pradesh,Namsai,Namsai,"95,950",,105545,"1,587",,67,
12,Arunachal Pradesh,Pakke Kessang,Lemmi,N/A,,N/A,N/A,,N/A,
12,Arunachal Pradesh,Papum Pare,Yupia,"176,385",176573,194024,"2,875",3462,67,
12,Arunachal Pradesh,Shi Yomi,Tato,"13,310",,14641,"2,875",,5,
12,Arunachal Pradesh,Siang,Pangin,"31,920",,35112,"2,919",,12,
12,Arunachal Pradesh,Tawang,Tawang Town,"49,950",49977,54945,"2,085",2172,26,
12,Arunachal Pradesh,Tirap,Khonsa,"111,997",111975,123197,"2,362",2362,52,
12,Arunachal Pradesh,Upper Dibang Valley,Anini,"7,948",,8743,"9,129",,1,
12,Arunachal Pradesh,Upper Siang,Yingkiong,"35,289",35320,38818,"6,188",6590,6,
12,Arunachal Pradesh,Upper Subansiri,Daporijo,"83,205",83448,91526,"7,032",7032,13,
12,Arunachal Pradesh,West Kameng,Bomdila,"87,013",83947,95714,"7,422",7422,13,
12,Arunachal Pradesh,West Siang,Along,"112,272",112274,123499,"8,325",8325,15,
18,Assam,Baksa,Mushalpur,"953,773",950075,1049150,"2,008",2457,522,
18,Assam,Barpeta,Barpeta,"1,693,190",1693622,1862509,"3,245",2282,574,
18,Assam,Biswanath,Bishwanath Chariali,"612,491",,673740,"1,100",,612,
18,Assam,Bongaigaon,Bongaigaon,"732,639",738804,805903,"1,724",1093,467,
18,Assam,Cachar,Silchar,"1,736,319",1736617,1909951,"3,786",3786,504,
18,Assam,Charaideo,Sonari,N/A,,N/A,N/A,,N/A,
18,Assam,Chirang,Kajalgaon,"481,818",482162,530000,"1,975",1923,268,
18,Assam,Darrang,Mangaldoi,"908,090",928500,998899,"1,849",1585,540,
18,Assam,Dhemaji,Dhemaji,"688,077",686133,756885,"3,237",3237,234,
18,Assam,Dhubri,Dhubri,"1,948,632",1949258,2143495,"2,838",2176,755,
18,Assam,Dibrugarh,Dibrugarh,"1,327,748",1326335,1460523,"3,381",3381,432,
18,Assam,Dima Hasao,Haflong,"213,529",214102,234882,"4,888",4888,48,
18,Assam,Goalpara,Goalpara,"1,008,959",1008183,1109855,"1,824",1824,608,
18,Assam,Golaghat,Golaghat,"1,058,674",1066888,1164541,"3,502",3502,333,
18,Assam,Hailakandi,Hailakandi,"659,260",659296,725186,"1,327",1327,546,
18,Assam,Hojai,Hojai,"931,218",,1024340,N/A,,N/A,
18,Assam,Jorhat,Jorhat,"1,091,295",1092256,1200425,"2,851",2851,421,
18,Assam,Kamrup,Amingaon,"1,517,202",1517542,1668922,"3,480",3105,480,
18,Assam,Kamrup Metropolitan,Guwahati,"1,260,419",1253938,1386461,627,955,2211,
18,Assam,Karbi Anglong,Diphu,"965,280",956313,1061808,"10,434",10434,102,
18,Assam,Karimganj,Karimganj,"1,217,002",1228686,1338702,"1,809",1809,740,
18,Assam,Kokrajhar,Kokrajhar,"886,999",887142,975699,"3,129",3296,312,
18,Assam,Lakhimpur,North Lakhimpur,"1,040,644",1042137,1144708,"2,277",2277,503,
18,Assam,Majuli,Garamur,"167,304",,184034,880,,209,
18,Assam,Morigaon,Marigaon,"957,853",957423,1053638,"1,704",1551,618,
18,Assam,Nagaon,Nagaon,"2,826,006",2823768,3108607,"3,831",3973,811,
18,Assam,Nalbari,Nalbari,"769,919",771639,846911,"1,009",1052,839,
18,Assam,Sivasagar,Sibsagar,"1,150,253",1151050,1265278,"2,668",2668,474,
18,Assam,South Salmara Mancachar,Hatsingimari,"555,114",,610625,568,,1075,
18,Assam,Sonitpur,Tezpur,"1,925,975",1924110,2118573,"5,324",5204,398,
18,Assam,Tinsukia,Tinsukia,"1,316,948",1327929,1448643,"3,790",3790,382,
18,Assam,Udalguri,Udalguri,"832,769",831668,916046,"1,676",2012,547,
18,Assam,West Karbi Anglong,Hamren,"300,320",,330352,"3,035",,109,
10,Bihar,Araria,Araria,"2,806,200",2811569,3086820,"2,829",2830,1091,
10,Bihar,Arwal,Arwal,"700,843",700843,770927,638,638,1208,
10,Bihar,Aurangabad,Aurangabad,"2,511,243",2540073,2762367,"3,303",3305,836,
10,Bihar,Banka,Banka,"2,029,339",2034763,2232273,"3,018",3020,740,
10,Bihar,Begusarai,Begusarai,"2,954,367",2970541,3249804,"1,917",1918,1695,
10,Bihar,Bhagalpur,Bhagalpur,"3,032,226",3037766,3335449,"2,569",2569,1298,
10,Bihar,Bhojpur,Arrah,"2,720,155",2728407,2992171,"2,473",2395,1210,
10,Bihar,Buxar,Buxar,"1,707,643",1706352,1878407,"1,624",1703,1157,
10,Bihar,Darbhanga,Darbhanga,"3,921,971",3937385,4314168,"2,278",2279,1894,
10,Bihar,Purba Champaran,Motihari,"5,082,868",5099371,5591155,"3,969",3968,1409,
10,Bihar,Gaya,Gaya,"4,379,383",4391418,4817321,"4,978",4976,968,
10,Bihar,Gopalganj,Gopalganj,"2,558,037",2562012,2813841,"2,033",2033,1384,
10,Bihar,Jamui,Jamui,"1,756,078",1760405,1931686,"3,099",3098,623,
10,Bihar,Jehanabad,Jehanabad,"1,124,176",,1236594,"1,569",,788,
10,Bihar,Kaimur (bhabua),Bhabua,"1,626,900",1626384,1789590,"3,363",,532,
10,Bihar,Katihar,Katihar,"3,068,149",3071029,3374964,"3,056",3057,1104,
10,Bihar,Khagaria,Khagaria,"1,657,599",1666886,1823359,"1,486",1486,1227,
10,Bihar,Kishanganj,Kishanganj,"1,690,948",1690400,1860043,"1,884",1884,987,
10,Bihar,Lakhisarai,Lakhisarai,"1,000,717",1000912,1100789,"1,229",1228,896,
10,Bihar,Madhepura,Madhepura,"1,994,618",2001762,2194080,"1,787",1788,1228,
10,Bihar,Madhubani,Madhubani,"4,476,044",4487379,4923648,"3,501",3501,1406,
10,Bihar,Munger,Munger,"1,359,054",1367765,1494959,"1,419",1419,1054,
10,Bihar,Muzaffarpur,Muzaffarpur,"4,778,610",4801062,5256471,"3,173",3172,1657,
10,Bihar,Nalanda,Bihar Sharif,"2,872,523",2877653,3159775,"2,354",2355,1342,
10,Bihar,Nawada,Nawada,"2,216,653",2219146,2438318,"2,492",2494,978,
10,Bihar,Patna,Patna,"5,772,804",5838465,6350084,"3,202",3202,1983,
10,Bihar,Purnia,Purnia,"3,273,127",3264619,3600440,"3,228",3229,1115,
10,Bihar,Rohtas,Sasaram,"2,962,593",2959918,3258852,"3,850",3881,846,
10,Bihar,Saharsa,Saharsa,"1,897,102",1900661,2086812,"1,702",1687,1226,
10,Bihar,Samastipur,Samastipur,"4,254,782",4261566,4680260,"2,905",2904,1611,
10,Bihar,Saran,Chhapra,"3,943,098",3951862,4337408,"2,641",2641,1642,
10,Bihar,Sheikhpura,Sheikhpura,"634,927",636342,698420,689,689,1014,
10,Bihar,Sheohar,Sheohar,"656,916",656246,722608,443,349,1631,
10,Bihar,Sitamarhi,Sitamarhi,"3,419,622",3423574,3761584,"2,199",2294,1711,
10,Bihar,Siwan,Siwan,"3,318,176",3330464,3649994,"2,219",2219,1645,
10,Bihar,Supaul,Supaul,"2,228,397",2229076,2451237,"2,410",2425,1017,
10,Bihar,Vaishali,Hajipur,"3,495,021",3495021,3844523,"2,036",2036,1888,
10,Bihar,Pashchim Champaran,Bettiah,"3,935,042",3935042,4328546,"5,229",5228,828,
22,Chhattisgarh,Balod,Balod,"826,165",,908782,"3,527",,258,
22,Chhattisgarh,Baloda Bazar,Baloda Bazar,"1,305,343",,1435877,"4,748",,302,
22,Chhattisgarh,Balrampur,Balrampur,"598,855",2148665,658741,"3,806",3349,173,
22,Chhattisgarh,Bastar,Jagdalpur,"1,302,253",1413199,1432478,"4,030",10470,355,
22,Chhattisgarh,Bametara,Bemetara,"197,035",,216739,"2,855",,76,
22,Chhattisgarh,Vijayapura,Bijapur,"229,832",,252815,"6,562",,39,
22,Chhattisgarh,Bilaspur,Bilaspur,"1,961,922",2663629,2158114,"5,818",8272,371,
22,Chhattisgarh,Dantewada,Dantewada,"533,638",,587002,"3,411",,172,
22,Chhattisgarh,Dhamtari,Dhamtari,"799,199",,879119,"2,029",,433,
22,Chhattisgarh,Durg,Durg,"3,343,079",3343872,3677387,"8,542",8535,431,
22,Chhattisgarh,Gariaband,Gariaband,"597,653",,657418,"5,823",,113,
22,Chhattisgarh,Gaurela-Pendra-Marwahi,Gaurela-Pendra-Marwahi,"336,420",,370062,"2,307",,160,X
22,Chhattisgarh,Janjgir - Champa,Naila Janjgir,"1,620,632",1619707,1782695,"3,848",3853,463,
22,Chhattisgarh,Jashpur,Jashpur Nagar,"852,043",,937247,"5,825",,161,
22,Chhattisgarh,Kabeerdham,Kawardha,"584,667",822526,643134,"4,237",4235,152,
22,Chhattisgarh,Uttar Bastar Kanker,Kanker,"748,593",748941,823452,"6,513",7161,126,
22,Chhattisgarh,Kondagaon,Kondagaon,"578,326",,636159,7769,,82,
22,Chhattisgarh,Korba,Korba,"1,206,563",,1327219,"6,615",,201,
22,Chhattisgarh,Koriya,Baikunthpur,"659,039",658917,724943,"6,578",6604,110,
22,Chhattisgarh,Mahasamund,Mahasamund,"1,032,275",1032754,1135503,"4,779",4790,238,
22,Chhattisgarh,Mungeli,Mungeli,"701,707",,771878,"2,750",,281,
22,Chhattisgarh,Narayanpur,Narayanpur,"140,206",139820,154227,"6,640",4653,23,
22,Chhattisgarh,Raigarh,Raigarh,"1,493,627",2634200,1642990,"7,068",7152,232,
22,Chhattisgarh,Raipur,Raipur,"4,062,160",4063872,4468376,"13,083",12383,342,
22,Chhattisgarh,Rajnandgaon,Rajnandgaon,"1,537,520",1537133,1691272,"8,062",8070,210,
22,Chhattisgarh,Sukma,Sukma,"249,000",,273900,"5,636",,49,
22,Chhattisgarh,Surajpur,Surajpur,"660,280",,726308,"6,787",,107,
22,Chhattisgarh,Surguja,Ambikapur,"420,661",2359886,462727,"3,265",15732,142,
4,Chandigarh,Chandigar,Chandigarh,"1,055,450",,1160995,114,,10184,
30,Goa,North Goa,Panaji,"817,761",818008,899537,"1,736",1736,518,
30,Goa,South Goa,Margao,"639,962",640537,703958,"1,966",1966,358,
24,Gujarat,Ahmadabad,Ahmedabad,"7,208,200",7214225,7929020,"8,707",8107,911,
24,Gujarat,Amreli,Amreli,"1,513,614",1514190,1664975,"6,760",7397,246,
24,Gujarat,Anand,Anand,"2,090,276",,2299304,"2,942",,782,
24,Gujarat,Aravalli,Modasa,"1,051,746",,1156921,"3,217",,360,
24,Gujarat,Banas kantha,Palanpur,"3,116,045",3120506,3427650,"12,703",,270,
24,Gujarat,Bharuch,Bharuch,"1,550,822",1551019,1705904,"6,524",6509,261,
24,Gujarat,Bhavnagar,Bhavnagar,"2,877,961",2880365,3165757,"11,155",10034,284,
24,Gujarat,Botad,Botad,"656,005",,721606,"2,564",,281,
24,Gujarat,Chhota Udepur,Chhota Udepur,"1,071,831",,1179014,"3,237",,364,
24,Gujarat,Dahod,Dahod,"2,126,558",,2339214,"3,642",,642,
24,Gujarat,The Dangs,Ahwa,"226,769",228291,249446,"1,764",1765.999997,141,
24,Gujarat,Devbhumi Dwarka,Khambhalia,"752,484",,827732,"5,684",,146,
24,Gujarat,Gandhinagar,Gandhinagar,"1,387,478",1391753,1526226,649,2140,2352,
24,Gujarat,Gir Somnath,Veraval,"1,217,477",,1339225,"3,754",,357,
24,Gujarat,Jamnagar,Jamnagar,"2,159,130",2160119,2375043,"14,125",14184,168,
24,Gujarat,Junagadh,Junagadh,"2,742,291",2743082,3016520,"8,839",8831,341,
24,Gujarat,Kheda,Nadiad,"2,298,934",2299885,2528827,"4,215",3953.000488,600,
24,Gujarat,Kachchh,Bhuj,"2,090,313",,2299344,"45,652",,50,
24,Gujarat,Mahisagar,Lunavada,"994,624",,1094086,"2,500",,438,
24,Gujarat,Mahesana,Mehsana,"2,027,727",2035064,2230500,"4,386",4401,509,
24,Gujarat,Morbi,Morbi,"960,329",,1056362,"4,871",,217,
24,Gujarat,Narmada,Rajpipla,"590,379",590297,649417,"2,749",2817,236,
24,Gujarat,Navsari,Navsari,"1,330,711",,1463782,"2,211",,662,
24,Gujarat,Panch Mahals,Godhra,"2,388,267",2390776,2627094,"5,219",5231,503,
24,Gujarat,Patan,Patan,"1,342,746",,1477021,"5,738",,257,
24,Gujarat,Porbandar,Porbandar,"586,062",,644668,"2,294",,281,
24,Gujarat,Rajkot,Rajkot,"3,157,676",3804558,3473444,"11,203",11198,310,
24,Gujarat,Sabar Kantha,Himatnagar,"2,427,346",2428589,2670081,"7,390",7394,361,
24,Gujarat,Surat,Surat,"6,081,322",6081322,6689454,"4,418",4549,1514,
24,Gujarat,Surendranagar,Surendranagar,"1,755,873",1756268,1931460,"10,489",10423,184,
24,Gujarat,Tapi,Vyara,"806,489",807022,887138,"3,435",3139,258,
24,Gujarat,Vadodara,Vadodara,"3,639,775",4165626,4003753,"7,794",7546,514,
24,Gujarat,Valsad,Valsad,"1,703,068",1705678,1873375,"3,034",3008,617,
6,Haryana,Ambala,Ambala,"1,136,784",1128350,1250462,"1,569",1573.999952,797,
6,Haryana,Bhiwani,Bhiwani,"1,629,109",1634445,1792020,"5,140",4778,349,
6,Haryana,Charki Dadri,Charkhi Dadri,"502,276",,552504,1370,,403,
6,Haryana,Faridabad,Faridabad,"1,798,954",1809733,1978849,783,741,2527,
6,Haryana,Fatehabad,Fatehabad,"941,522",942011,1035674,"2,538",2538.004712,408,
6,Haryana,Gurugram,Gurgaon,"1,514,085",,1665494,"1,258",,1324,
6,Haryana,Hissar,Hissar,"1,742,815",,1917097,"3,788",,506,
6,Haryana,Jhajjar,Jhajjar,"956,907",958405,1052598,"1,868",1834,563,
6,Haryana,Jind,Jind,"1,332,042",1334152,1465246,"2,702",2702.002298,542,
6,Haryana,Kaithal,Kaithal,"1,072,861",1074304,1180147,"2,799",2316.999925,422,
6,Haryana,Karnal,Karnal,"1,506,323",1505324,1656955,"2,471",2519.99985,671,
6,Haryana,Kurukshetra,Kurukshetra,"964,231",964655,1060654,"1,530",1529.999515,693,
6,Haryana,Mahendragarh,Narnaul,"921,680",922088,1013848,"1,900",1899,534,
6,Haryana,Nuh,Nuh,"1,089,406",,1198347,"1,765",,679,
6,Haryana,Palwal,Palwal,"1,040,493",,1144542,"1,367",,837,
6,Haryana,Panchkula,Panchkula,"558,890",561293,614779,816,897.999918,753,
6,Haryana,Panipat,Panipat,"1,202,811",1205437,1323092,"1,250",1267.995912,1058,
6,Haryana,Rewari,Rewari,"896,129",900332,985742,"1,559",1594,632,
6,Haryana,Rohtak,Rohtak,"1,058,683",1061204,1164551,"1,668",1745,698,
6,Haryana,Sirsa,Sirsa,"1,295,114",1295189,1424625,"4,276",4277,333,
6,Haryana,Sonipat,Sonipat,"1,480,080",1450001,1628088,"2,260",2122,720,
6,Haryana,Yamunanagar,Yamuna Nagar,"1,214,162",1214205,1335578,"1,756",1767.999855,761,
2,Himachal Pradesh,Bilaspur,Bilaspur,"382,056",2663629,420262,"1,167",8272,360,
2,Himachal Pradesh,Chamba,Chamba,"518,844",519080,570728,"6,528",6522.000225,87,
2,Himachal Pradesh,Hamirpur,Hamirpur,"454,293",1104285,499722,"1,118",4021,447,
2,Himachal Pradesh,Kangra,Dharamshala,"1,507,223",1510075,1657945,"5,739",5739.000081,289,
2,Himachal Pradesh,Kinnaur,Reckong Peo,"84,298",84121,92728,"6,401",6400.999862,14,
2,Himachal Pradesh,Kullu,Kullu,"437,474",437903,481221,"5,503",5503.000197,87,
2,Himachal Pradesh,Lahul & Spiti,Keylong,"31,528",31564,34681,"13,835",13841.00011,3,
2,Himachal Pradesh,Mandi,Mandi,"999,518",999777,1099470,"3,950",3950.000327,278,
2,Himachal Pradesh,Shimla,Shimla,"813,384",814010,894722,"5,131",5131.000407,174,
2,Himachal Pradesh,Sirmaur,Nahan,"530,164",529855,583180,"2,825",2825.000159,206,
2,Himachal Pradesh,Solan,Solan,"576,670",580320,634337,"1,936",1936.000525,328,
2,Himachal Pradesh,Una,Una,"521,057",521173,573163,"1,540",1539.999905,372,
20,Jharkhand,Bokaro,Bokaro,"2,061,918",2062330,2268110,"2,861",2883,793,
20,Jharkhand,Chatra,Chatra,"1,042,304",1042886,1146534,"3,700",3718,310,
20,Jharkhand,Deoghar,Deoghar,"1,491,879",1492073,1641067,"2,479",2477,662,
20,Jharkhand,Dhanbad,Dhanbad,"2,682,662",2684487,2950928,"2,075",2040,1422,
20,Jharkhand,Dumka,Dumka,"1,321,096",1321442,1453206,"4,404",3761,330,
20,Jharkhand,Purbi Singhbhum,Jamshedpur,"2,291,032",2293919,2520135,"3,533",3562,713,
20,Jharkhand,Garhwa,Garhwa,"1,322,387",,1454626,"4,064",,358,
20,Jharkhand,Giridih,Giridih,"2,445,203",2445474,2689723,"4,887",4962,550,
20,Jharkhand,Godda,Godda,"1,311,382",1313551,1442520,"2,110",2266.004212,684,
20,Jharkhand,Gumla,Gumla,"1,025,656",1025213,1128222,5327,5360,212,
20,Jharkhand,Hazaribagh,Hazaribag,"1,734,005",1734495,1907406,"4,302",3555,443,
20,Jharkhand,Jamtara,Jamtara,"790,207",791042,869228,"1,802",1811,482,
20,Jharkhand,Khunti,Khunti,"530,299",531885,583329,"2,467",2535.003205,236,
20,Jharkhand,Kodarma,Koderma,"717,169",716259,788886,"1,312",2540,601,
20,Jharkhand,Latehar,Latehar,"725,673",726978,798240,"3,630",4291,220,
20,Jharkhand,Lohardaga,Lohardaga,"461,738",461790,507912,"1,494",1502,340,
20,Jharkhand,Pakur,Pakur,"899,200",900422,989120,"1,805",1811,548,
20,Jharkhand,Palamu,Daltonganj,"1,936,319",1939869,2129951,"5,082",4393,419,
20,Jharkhand,Ramgarh,Ramgarh,"949,159",949443,1044075,"1,212",1341.001708,861,
20,Jharkhand,Ranchi,Ranchi,"2,912,022",2914253,3203224,"7,974",5097,402,
20,Jharkhand,Sahibganj,Sahebganj,"1,150,038",1150567,1265042,"1,599",2063,791,
20,Jharkhand,Saraikela-kharsawan,Seraikela,"1,063,458",1065056,1169804,"2,725",,429,
20,Jharkhand,Simdega,Simdega,"599,813",599578,659794,"3,750",3774.000304,176,
20,Jharkhand,Pashchimi Singhbhum,Chaibasa,"1,501,619",1502338,1651781,"7,186",7223.996637,230,
29,Karnataka,Bagalkote,Bagalkot,"1,890,826",,2079909,"6,583",,316,
29,Karnataka,Ballari,Ballari,"2,532,383",,2785621,"8,439",,330,
29,Karnataka,Belagavi,Belgaum,"4,778,439",,5256283,"13,415",,392,
29,Karnataka,Bangalore Rural,Bangalore,"987,257",990923,1085983,"2,239",2298,485,
29,Karnataka,Bangalore Urban,Bangalore,"9,588,910",,10547801,"2,190",,4816,
29,Karnataka,Bidar,Bidar,"1,700,018",1703300,1870020,"5,448",5448,343,
29,Karnataka,Chamarajanagara,Chamarajanagara,"1,020,962",,1123058,"5,102",,220,
29,Karnataka,Chikkaballapura,Chikkaballapura,"1,254,377",1255104,1379815,"4,208",4244,328,
29,Karnataka,Chikkamagaluru,Chikmagalur,"1,137,753",,1251528,"7,201",,174,
29,Karnataka,Chitradurga,Chitradurga,"1,660,378",1659456,1826416,"8,437",8436,216,
29,Karnataka,Dakshina Kannada,Mangaluru,"2,083,625",2089649,2291988,"4,559",4861,503,
29,Karnataka,Davanagere,Davangere,"1,946,905",1945497,2141596,"5,926",5924,361,
29,Karnataka,Dharwad,Dharwad,"1,846,993",1847023,2031692,"4,265",4260,476,
29,Karnataka,Gadag,Gadag-Betageri,"1,065,235",1064570,1171759,"4,651",4657,252,
29,Karnataka,Kalaburagi,Gulbarga,"2,564,892",,2821381,"10,990",,257,
29,Karnataka,Hassan,Hassan,"1,776,221",1776421,1953843,"6,814",6814,287,
29,Karnataka,Haveri,Haveri,"1,598,506",1597668,1758357,"4,825",4823,364,
29,Karnataka,Kodagu,Madikeri,"554,762",554519,610238,"4,102",4102,149,
29,Karnataka,Kolar,Kolar,"1,540,231",1536401,1694254,"4,012",3979,422,
29,Karnataka,Koppal,Koppal,"1,391,292",1389920,1530421,"5,565",5570,275,
29,Karnataka,Mandya,Mandya,"1,808,680",1805769,1989548,"4,961",4962,401,
29,Karnataka,Mysuru,Mysore,"2,994,744",,3294218,"6,854",,481,
29,Karnataka,Raichur,Raichur,"1,924,773",1928812,2117250,"6,839",8442,310,
29,Karnataka,Ramanagara,Ramanagara,"1,082,739",1082636,1191013,"3,573",3516,333,
29,Karnataka,Shivamogga,Shimoga,"1,755,512",,1931063,"8,495",,227,
29,Karnataka,Tumakuru,Tumakuru,"2,681,449",,2949594,"10,598",,278,
29,Karnataka,Udupi,Udupi,"1,177,908",1177361,1295699,"3,879",3582,334,
29,Karnataka,Uttara Kannada,Karwar,"1,353,299",1437169,1488629,"10,291",10277,145,
29,Karnataka,Bijapur,Bijapur,"2,175,102",2177331,2392612,"10,517",10498,227,
29,Karnataka,Yadgir,Yadgir,"1,172,985",1174271,1290284,"5,225",5270,247,
32,Kerala,Alappuzha,Alappuzha,"2,121,943",2127789,2334137,"1,415",1415,1650,
32,Kerala,Ernakulam,Kakkanad,"3,279,860",3282388,3607846,"3,063",3063,1178,
32,Kerala,Idukki,Painavu,"1,107,453",,1218198,"4,356",,280,
32,Kerala,Kannur,Kannur,"2,525,637",2523003,2778201,"2,961",2961,938,
32,Kerala,Kasaragod,Kasaragod,"1,302,600",1307375,1432860,"1,989",1989,720,
32,Kerala,Kollam,Kollam,"2,629,703",2635375,2892673,"2,483",2483,1165,
32,Kerala,Kottayam,Kottayam,"1,979,384",1974551,2177322,"2,206",2206,987,
32,Kerala,Kozhikode,Kozhikode,"3,089,543",3086293,3398497,"2,345",2345,1449,
32,Kerala,Malappuram,Malappuram,"4,110,956",4112920,4522052,"3,554",3554,1272,
32,Kerala,Palakkad,Palakkad,"2,810,892",2809934,3091981,"4,482",4482,690,
32,Kerala,Pathanamthitta,Pathanamthitta,"1,195,537",1197412,1315091,"2,652",2652,496,
32,Kerala,Thrissur,Thrissur,"3,110,327",3121200,3421360,"3,027",3027,1130,
32,Kerala,Thiruvananthapuram,Thiruvananthapuram,"3,307,284",3301427,3638012,"2,189",2189,1662,
32,Kerala,Wayanad,Kalpetta,"816,558",817420,898214,"2,130",2130,422,
23,Madhya Pradesh,Agar Malwa,Agar,N/A,,N/A,"2,785",,N/A,
23,Madhya Pradesh,Alirajpur,Alirajpur,"728,677",728999,801545,"3,182",3182,252,
23,Madhya Pradesh,Anuppur,Anuppur,"749,521",749237,824473,"3,747",3747,220,
23,Madhya Pradesh,Ashoknagar,Ashok Nagar,"844,979",845071,929477,"4,674",4674,199,
23,Madhya Pradesh,Balaghat,Balaghat,"1,701,156",1701698,1871272,"9,229",9229,203,
23,Madhya Pradesh,Barwani,Barwani,"1,385,659",,1524225,"5,432",,281,
23,Madhya Pradesh,Betul,Betul,"1,575,247",1575362,1732772,"10,043",10043,173,
23,Madhya Pradesh,Bhind,Bhind,"1,703,562",1703005,1873918,"4,459",4459,420,
23,Madhya Pradesh,Bhopal,Bhopal,"2,368,145",2371061,2604960,"2,772",2772,940,
23,Madhya Pradesh,Burhanpur,Burhanpur,"756,993",757847,832692,"3,427",3427,243,
23,Madhya Pradesh,Chachaura-Binaganj,Chachaura,N/A,,N/A,N/A,,N/A,X
23,Madhya Pradesh,Chhatarpur,Chhatarpur,"1,762,857",1762375,1939143,"8,687",8687,223,
23,Madhya Pradesh,Chhindwara,Chhindwara,"2,090,306",2090922,2299337,"11,815",11815,195,
23,Madhya Pradesh,Damoh,Damoh,"1,263,703",1264219,1390073,"7,306",7306,190,
23,Madhya Pradesh,Datia,Datia,"786,375",786754,865013,"2,694",2902,321,
23,Madhya Pradesh,Dewas,Dewas,"1,563,107",1563715,1719418,"7,020",7020,245,
23,Madhya Pradesh,Dhar,Dhar,"2,184,672",2185793,2403139,"8,153",8153,295,
23,Madhya Pradesh,Dindori,Dindori,"704,218",,774640,"7,427",,104,
23,Madhya Pradesh,Guna,Guna,"1,240,938",1241519,1365032,"6,485",6390,210,
23,Madhya Pradesh,Gwalior,Gwalior,"2,030,543",2032036,2233597,"5,465",4560,409,
23,Madhya Pradesh,Harda,Harda,"570,302",,627332,"3,339",,188,
23,Madhya Pradesh,Hoshangabad,Hoshangabad,"1,240,975",1241350,1365073,"6,698",6703,204,
23,Madhya Pradesh,Indore,Indore,"3,272,335",3276697,3599569,"3,898",3898,923,
23,Madhya Pradesh,Jabalpur,Jabalpur,"2,460,714",2463289,2706785,"5,210",5211,520,
23,Madhya Pradesh,Jhabua,Jhabua,"1,024,091",1025048,1126500,"6,782",3600,166,
23,Madhya Pradesh,Katni,Katni,"1,291,684",,1420852,"4,947",,287,
23,Madhya Pradesh,East Nimar,Khandwa,"1,309,443",,1440387,"7,349",,196,
23,Madhya Pradesh,West Nimar,Khargone,"1,872,413",,2059654,"8,010",,257,
23,Madhya Pradesh,Maihar,Maihar,N/A,,N/A,N/A,,N/A,X
23,Madhya Pradesh,Mandla,Mandla,"1,053,522",1054905,1158874,"5,805",5800,200,
23,Madhya Pradesh,Mandsaur,Mandsaur,"1,339,832",1340411,1473815,"5,530",5535,267,
23,Madhya Pradesh,Morena,Morena,"1,965,137",1965970,2161651,"4,991",4989,433,
23,Madhya Pradesh,Narsimhapur,Narsinghpur,"1,092,141",1091854,1201355,"5,133",5133,234,
23,Madhya Pradesh,Nagda,Nagda,N/A,,N/A,N/A,,N/A,X
23,Madhya Pradesh,Neemuch,Neemuch,"825,958",,908554,"4,267",,213,
23,Madhya Pradesh,Niwari,Niwari,"404,807",,445288,1170,,381,
23,Madhya Pradesh,Panna,Panna,"1,016,028",1016520,1117631,"7,135",7135,157,
23,Madhya Pradesh,Raisen,Raisen,"1,331,699",1331597,1464869,"8,466",8466,173,
23,Madhya Pradesh,Rajgarh,Rajgarh,"1,546,541",1545814,1701195,"6,143",6153,277,
23,Madhya Pradesh,Ratlam,Ratlam,"1,454,483",1455069,1599931,"4,861",4861,329,
23,Madhya Pradesh,Rewa,Rewa,"2,363,744",2365106,2600118,"6,314",6314,412,
23,Madhya Pradesh,Sagar,Sagar,"2,378,295",2378458,2616125,"10,252",10252,255,
23,Madhya Pradesh,Satna,Satna,"2,228,619",2228935,2451481,"7,502",7502,327,
23,Madhya Pradesh,Sehore,Sehore,"1,311,008",1311332,1442109,"6,578",6578,219,
23,Madhya Pradesh,Seoni,Seoni,"1,378,876",1379131,1516764,"8,758",8758,173,
23,Madhya Pradesh,Shahdol,Shahdol,"1,064,989",1066063,1171488,"6,205",6205,189,
23,Madhya Pradesh,Shajapur,Shajapur,"1,512,353",1512681,1663588,"6,196",6195,268,
23,Madhya Pradesh,Sheopur,Sheopur,"687,952",,756747,"6,585",,115,
23,Madhya Pradesh,Shivpuri,Shivpuri,"1,725,818",1726050,1898400,"10,290",10066,184,
23,Madhya Pradesh,Sidhi,Sidhi,"1,126,515",1127033,1239167,"10,520",4851,118,
23,Madhya Pradesh,Singrauli,Waidhan,"1,178,132",1178273,1295945,"5,672",5675,228,
23,Madhya Pradesh,Tikamgarh,Tikamgarh,"1,444,920",1445166,1589412,"5,055",5048,314,
23,Madhya Pradesh,Ujjain,Ujjain,"1,986,864",1986864,2185550,"6,091",6091,359,
23,Madhya Pradesh,Umaria,Umaria,"643,579",644758,707937,"4,062",4076,174,
23,Madhya Pradesh,Vidisha,Vidisha,"1,458,212",1458875,1604033,"7,362",7371,218,
27,Maharashtra,Ahmadnagar,Ahmednagar,"4,543,083",4543159,4997391,"17,048",17048,293,
27,Maharashtra,Akola,Akola,"1,818,617",1813906,2000479,"5,429",5672.81,368,
27,Maharashtra,Amravati,Amravati,"2,887,826",2888445,3176609,"12,235",12210,260,
27,Maharashtra,Aurangabad,Aurangabad,"3,695,928",2540073,4065521,"10,107",3305,402,
27,Maharashtra,Bid,Beed,"2,585,962",2585049,2844558,"10,693",10693,266,
27,Maharashtra,Bhandara,Bhandara,"1,198,810",1200334,1318691,"3,890",4087,339,
27,Maharashtra,Buldana,Buldhana,"2,588,039",2586258,2846843,"9,661",9661,295,
27,Maharashtra,Chandrapur,Chandrapur,"2,194,262",2204307,2413688,"11,443",11443,211,
27,Maharashtra,Dhule,Dhule,"2,048,781",2050862,2253659,"8,095",7195,278,
27,Maharashtra,Gadchiroli,Gadchiroli,"1,071,795",1072942,1178975,"14,412",14412,82,
27,Maharashtra,Gondiya,Gondia,"1,322,331",1322507,1454564,"5,431",5234,268,
27,Maharashtra,Hingoli,Hingoli,"1,178,973",1177345,1296870,"4,526",4827,287,
27,Maharashtra,Jalgaon,Jalgaon,"4,224,442",4229917,4646886,"11,765",11765,395,
27,Maharashtra,Jalna,Jalna,"1,958,483",,2154331,"7,718",,279,
27,Maharashtra,Kolhapur,Kolhapur,"3,874,015",3876001,4261417,"7,685",7685,555,
27,Maharashtra,Latur,Latur,"2,455,543",2454196,2701097,"7,157",7157,377,
27,Maharashtra,Mumbai,Mumbai,"3,145,966",3085411,3460563,69,157,50153,
27,Maharashtra,Mumbai Suburban,Bandra (East),"9,332,481",9356962,10265729,369,446,27820,
27,Maharashtra,Nanded,Nanded,"3,356,566",3361292,3692223,"10,528",10528,351,
27,Maharashtra,Nandurbar,Nandurbar,"1,646,177",1648295,1810795,"5,055",5955,358,
27,Maharashtra,Nagpur,Nagpur,"4,653,171",4653570,5118488,"9,892",9892,517,
27,Maharashtra,Nashik,Nashik,"6,109,052",6107187,6719957,"15,539",15530,432,
27,Maharashtra,Osmanabad,Osmanabad,"1,660,311",1657576,1826342,"7,569",7569,241,
27,Maharashtra,Palghar,Palghar,"2,990,116",,3289128,"5,344",,615,
27,Maharashtra,Parbhani,Parbhani,"1,835,982",1836086,2019580,"6,511",6214,310,
27,Maharashtra,Pune,Pune,"9,426,959",9429408,10369655,"15,643",15643,663,
27,Maharashtra,Raigad,Alibag,"2,635,394",,2898933,"7,152",,405,X
27,Maharashtra,Ratnagiri,Ratnagiri,"1,612,672",1615069,1773939,"8,208",8208,216,
27,Maharashtra,Sangli,Sangli,"2,820,575",2822143,3102633,"8,572",8572,362,
27,Maharashtra,Satara,Satara,"3,003,922",3003741,3304314,"10,475",10480,315,
27,Maharashtra,Sindhudurg,Oros,"848,868",849651,933755,"5,207",5207,179,
27,Maharashtra,Solapur,Solapur,"4,315,527",4317756,4747080,"14,895",14895,319,
27,Maharashtra,Thane,Thane,"11,060,148",11060148,12166163,"4,214",9558,2887,
27,Maharashtra,Wardha,Wardha,"1,296,157",1300774,1425773,"6,309",6309,226,
27,Maharashtra,Washim,Washim,"1,196,714",1197160,1316385,"5,155",4901.19,255,
27,Maharashtra,Yavatmal,Yavatmal,"2,775,457",2772348,3053003,"13,582",13582,225,
14,Manipur,Bishnupur,Bishnupur,"240,363",237399,264399,496,496,533,
14,Manipur,Chandel,Chandel,"144,028",144182,158431,"3,317",3313,48,
14,Manipur,Churachandpur,Churachandpur,"271,274",274143,298401,"4,574",4570,65,
14,Manipur,Imphal East,Porompat,"452,661",456113,497927,710,709,701,
14,Manipur,Imphal West,Lamphelpat,"514,683",517992,566151,519,519,1091,
14,Manipur,Jiribam,Jiribam,"43,818",,48200,232,,208,
14,Manipur,Kakching,Kakching,"135,481",,149029,N/A,,N/A,
14,Manipur,Kamjong,Kamjong,"45,616",,50178,"2,000",,25,
14,Manipur,Kangpokpi,Kangpokpi,N/A,,N/A,N/A,,N/A,
14,Manipur,Noney,Longmai,N/A,,N/A,N/A,,N/A,
14,Manipur,Pherzawl,Pherzawl,"47,250",,51975,"2,285",,23,
14,Manipur,Senapati,Senapati,"354,772",479148,390249,"3,269",3271,119,
14,Manipur,Tamenglong,Tamenglong,"140,143",,154157,"4,391",,35,
14,Manipur,Tengnoupal,Tengnoupal,N/A,,N/A,N/A,,N/A,
14,Manipur,Thoubal,Thoubal,"420,517",422168,462569,514,514,900,
14,Manipur,Ukhrul,Ukhrul,"183,115",183998,201427,"4,547",4544,44,
17,Meghalaya,East Garo Hills,Williamnagar,"317,618",317917,349380,"2,603",2603,134,
17,Meghalaya,East Khasi Hills,Shillong,"824,059",825922,906465,"2,752",2748,329,
17,Meghalaya,East Jaintia Hills,Khliehriat,"122,436",,134680,"2,115",,64,
17,Meghalaya,North Garo Hills,Resubelpara,"118,325",,130158,"1,113",,117,
17,Meghalaya,Ribhoi,Nongpoh,"258,380",258840,284218,"2,378",2448,120,
17,Meghalaya,South Garo Hills,Baghmara,"142,574",142334,156831,"1,850",1887,85,
17,Meghalaya,South West Garo Hills,Ampati,"172,495",,189745,822,,231,
17,Meghalaya,South West Khasi Hills,Mawkyrwat,"110,152",,121167,"1,341",,90,
17,Meghalaya,West Jaintia Hills,Jowai,"270,352",,297387,"1,693",,176,
17,Meghalaya,West Garo Hills,Tura,"642,923",643291,707215,"3,714",3677,190,
17,Meghalaya,West Khasi Hills,Nongstoin,"385,601",383461,424161,"5,247",5247,81,
15,Mizoram,Aizawl,Aizawl,"404,054",400309,444459,"3,577",3576,124,
15,Mizoram,Champhai,Champhai,"125,370",125745,137907,"3,168",3185,44,
15,Mizoram,Hnahthial,Hnahthial,N/A,,N/A,N/A,,N/A,X
15,Mizoram,Khawzawl,Khawzawl,N/A,,N/A,N/A,,N/A,X
15,Mizoram,Kolasib,Kolasib,"83,054",83955,91359,"1,386",1382,66,
15,Mizoram,Lawngtlai,Lawngtlai,"117,444",117894,129188,"2,519",2557,51,
15,Mizoram,Lunglei,Lunglei,"154,094",161428,169503,"4,572",4536,37,
15,Mizoram,Mamit,Mamit,"85,757",86364,94333,"2,967",3025,32,
15,Mizoram,Saiha,Saiha,"56,366",56574,62003,"1,414",1399,44,
15,Mizoram,Saitual,Saitual,N/A,,N/A,N/A,,N/A,X
15,Mizoram,Serchhip,Serchhip,"64,875",64937,71363,"1,424",1421,50,
13,Nagaland,Dimapur,Dimapur,"379,769",,417746,926,,451,
13,Nagaland,Kiphire,Kiphire,"74,033",74004,81436,"1,255",1130,65,
13,Nagaland,Kohima,Kohima,"270,063",267988,297069,"1,041",1463,285,
13,Nagaland,Longleng,Longleng,"50,593",50484,55652,885,562,63,
13,Nagaland,Mokokchung,Mokokchung,"193,171",194622,212488,"1,615",1615,132,
13,Nagaland,Mon,Mon,"259,604",250260,285564,"1,786",1786,160,
13,Nagaland,Noklak,Noklak,"59,300",,65230,"1,152",,57,X
13,Nagaland,Peren,Peren,"163,294",95219,179623,"2,300",1651,78,
13,Nagaland,Phek,Phek,"163,294",163418,179623,"2,026",2026,89,
13,Nagaland,Tuensang,Tuensang,"414,801",196596,456281,"4,228",2536,108,
13,Nagaland,Wokha,Wokha,"166,239",166343,182863,"1,628",1628,112,
13,Nagaland,Zunheboto,Zunheboto,"141,014",140757,155115,"1,255",1255,124,
21,Odisha,Anugul,Angul,"1,271,703",,1398873,"6,347",,220,
21,Odisha,Baudh,Baudh,"439,917",441162,483909,"4,289",3098,113,
21,Odisha,Bhadrak,Bhadrak,"1,506,522",1506337,1657174,"2,788",2505,594,
21,Odisha,Balangir,Balangir,"1,648,574",1648997,1813431,"6,552",6575,277,
21,Odisha,Bargarh,Bargarh,"1,478,833",1481255,1626716,"5,832",5837,279,
21,Odisha,Baleshwar,Balasore,"2,317,419",2320529,2549161,"3,706",3806,688,
21,Odisha,Cuttack,Cuttack,"2,618,708",2624470,2880579,"3,915",3932,736,
21,Odisha,Debagarh,Debagarh,"312,164",312520,343380,"2,781",2940,123,
21,Odisha,Dhenkanal,Dhenkanal,"1,192,948",1192811,1312243,"4,597",4452,285,
21,Odisha,Ganjam,Chhatrapur,"3,520,151",3529031,3872166,"8,033",8206,482,
21,Odisha,Gajapati,Paralakhemundi,"575,880",577817,633468,"3,056",4325,207,
21,Odisha,Jharsuguda,Jharsuguda,"579,499",579505,637449,"2,202",2114,289,
21,Odisha,Jajapur,Panikoili,"1,826,275",,2008903,"2,885",,696,
21,Odisha,Jagatsinghapur,Jagatsinghpur,"1,136,604",,1250264,"1,759",,711,
21,Odisha,Khordha,Khordha,"2,246,341",,2470975,"2,888",,856,
21,Odisha,Kendujhar,Kendujhar,"1,802,777",1801733,1983055,"8,336",8303,238,
21,Odisha,Kalahandi,Bhawanipatna,"1,573,054",1576869,1730359,"8,197",7920,211,
21,Odisha,Kandhamal,Phulbani,"731,952",733110,805147,"6,004",8021,134,
21,Odisha,Koraput,Koraput,"1,376,934",1379647,1514627,"8,534",8807,177,
21,Odisha,Kendrapara,Kendrapara,"1,439,891",,1583880,"2,546",,622,
21,Odisha,Malkangiri,Malkangiri,"612,727",,674000,"6,115",,110,
21,Odisha,Mayurbhanj,Baripada,"2,513,895",2519738,2765285,"10,418",10418,265,
21,Odisha,Nabarangapur,Nabarangpur,"1,218,762",,1340638,"5,135",,261,
21,Odisha,Nuapada,Nuapada,"606,490",610382,667139,"3,408",3852,196,
21,Odisha,Nayagarh,Nayagarh,"962,215",,1058437,"3,954",,268,
21,Odisha,Puri,Puri,"1,697,983",1698730,1867781,"3,055",3479,611,
21,Odisha,Rayagada,Rayagada,"961,959",,1058155,"7,585",,140,
21,Odisha,Sambalpur,Sambalpur,"1,044,410",1041099,1148851,"6,702",6624,171,
21,Odisha,Subarnapur,Subarnapur,"652,107",610183,717318,"2,284",2337,314,
21,Odisha,Sundargarh,Sundargarh,"2,080,664",2093437,2288730,"9,942",9712,230,
3,Punjab,Amritsar,Amritsar,"2,490,891",,2739980,"2,673",,1025,
3,Punjab,Barnala,Barnala,"596,294",595527,655923,"1,423",1482,461,
3,Punjab,Bathinda,Bathinda,"1,388,859",1388525,1527745,"3,355",3353,455,
3,Punjab,Firozpur,Firozpur,"2,026,831",2029074,2229514,"5,334",5305,418,
3,Punjab,Faridkot,Faridkot,"618,008",617508,679809,"1,472",1458,462,
3,Punjab,Fatehgarh Sahib,Fatehgarh Sahib,"599,814",600163,659795,"1,180",1180,559,
3,Punjab,Fazilka,Fazilka,"1,180,483",,1298531,3113,,417,
3,Punjab,Gurdaspur,Gurdaspur,"2,299,026",2298323,2528929,"3,542",3550.99992,714,
3,Punjab,Hoshiarpur,Hoshiarpur,"1,582,793",1586625,1741072,"3,397",3386.001342,513,
3,Punjab,Jalandhar,Jalandhar,"2,181,753",2193590,2399928,"2,625",2624,914,
3,Punjab,Kapurthala,Kapurthala,"817,668",,899435,"1,646",,546,
3,Punjab,Ludhiana,Ludhiana,"3,487,882",3498739,3836670,"3,744",3578,1025,
3,Punjab,Mansa,Mansa,"768,808",769751,845689,"2,174",2198,389,
3,Punjab,Moga,Moga,"992,289",995746,1091518,"2,235",2242,488,
3,Punjab,Sri Muktsar Sahib,Sri Muktsar Sahib,"902,702",,992972,"2,596",,383,
3,Punjab,Pathankot,Pathankot,"626,154",,688769,929,,741,
3,Punjab,Patiala,Patiala,"2,892,282",1895686,3181510,"3,175",3325,1002,
3,Punjab,Rupnagar,Rupnagar,"683,349",684627,751684,"1,400",1356,537,
3,Punjab,Sahibzada Ajit Singh Nagar,Mohali,"986,147",994628,1084762,"1,188",1094,913,
3,Punjab,Sangrur,Sangrur,"1,654,408",1655169,1819849,"3,685",3625,494,
3,Punjab,Shahid Bhagat Singh Nagar,Nawanshahr,"614,362",,675798,"1,283",,527,
3,Punjab,Tarn Taran,Tarn Taran Sahib,"1,120,070",1119627,1232077,"2,414",2414,510,
8,Rajasthan,Ajmer,Ajmer,"2,584,913",2583052,2843404,"8,481",8481,335,
8,Rajasthan,Alwar,Alwar,"3,671,999",3674179,4039199,"8,380",8380,482,
8,Rajasthan,Bikaner,Bikaner,"2,367,745",2363937,2604520,"27,244",30239,96,
8,Rajasthan,Barmer,Barmer,"2,604,453",2603751,2864898,"28,387",28387,101,
8,Rajasthan,Banswara,Banswara,"1,798,194",1797485,1978013,"5,037",4522,393,
8,Rajasthan,Bharatpur,Bharatpur,"2,549,121",2548462,2804033,"5,066",5066,554,
8,Rajasthan,Baran,Baran,"1,223,921",1222755,1346313,"6,955",6992,194,
8,Rajasthan,Bundi,Bundi,"1,113,725",1110906,1225098,"5,550",5776,221,
8,Rajasthan,Bhilwara,Bhilwara,"2,410,459",2408523,2651505,"10,455",10455,254,
8,Rajasthan,Churu,Churu,"2,041,172",2039547,2245289,"16,830",13835,133,
8,Rajasthan,Chittaurgarh,Chittorgarh,"1,544,392",1544338,1698831,"10,856",7822,156,
8,Rajasthan,Dausa,Dausa,"1,637,226",1634409,1800949,"3,429",3432,525,
8,Rajasthan,Dhaulpur,Dholpur,"1,207,293",1206516,1328022,"3,084",3033,431,
8,Rajasthan,Dungarpur,Dungarpur,"1,388,906",1388552,1527797,"3,771",3770,405,
8,Rajasthan,Ganganagar,Ganganagar,"1,969,520",,2166472,"10,990",,197,
8,Rajasthan,Hanumangarh,Hanumangarh,"1,779,650",1774692,1957615,"9,670",9656,202,
8,Rajasthan,Jhunjhunun,Jhunjhunu,"2,139,658",2137045,2353624,"5,928",5928,397,
8,Rajasthan,Jalor,Jalore,"1,830,151",1828730,2013166,"10,640",10640,189,
8,Rajasthan,Jodhpur,Jodhpur,"3,685,681",3687165,4054249,"22,850",22850,177,
8,Rajasthan,Jaipur,Jaipur,"6,663,971",6626178,7330368,"11,152",11143,657,
8,Rajasthan,Jaisalmer,Jaisalmer,"672,008",669919,739209,"38,401",38401,19,
8,Rajasthan,Jhalawar,Jhalawar,"1,411,327",1411129,1552460,"6,219",6219,250,
8,Rajasthan,Karauli,Karauli,"1,458,459",1458248,1604305,"5,530",5524,290,
8,Rajasthan,Kota,Kota,"1,950,491",1951014,2145540,"5,446",5217,394,
8,Rajasthan,Nagaur,Nagaur,"3,309,234",3307743,3640157,"17,718",17718,205,
8,Rajasthan,Pali,Pali,"2,038,533",2037573,2242386,"12,387",12387,181,
8,Rajasthan,Pratapgarh,Pratapgarh,"868,231",3209141,955054,"4,112",3717,232,
8,Rajasthan,Rajsamand,Rajsamand,"1,158,283",1156597,1274111,"3,853",4655,331,
8,Rajasthan,Sikar,Sikar,"2,677,737",2677333,2945511,"7,732",7732,381,
8,Rajasthan,Sawai Madhopur,Sawai Madhopur,"1,338,114",1335551,1471925,"4,500",4498,327,
8,Rajasthan,Sirohi,Sirohi,"1,037,185",1036346,1140904,"5,136",5136,222,
8,Rajasthan,Tonk,Tonk,"1,421,711",1421326,1563882,"7,194",7194,217,
8,Rajasthan,Chota Udaipur,Udaipur,"3,067,549",,3374304,"13,430",,251,
11,Sikkim,East District,Gangtok,"281,293",283583,309422,954,954,324,
11,Sikkim,North District,Mangan,"43,354",,47689,"4,226",,11,
11,Sikkim,South District,Namchi,"146,742",146850,161416,750,750,215,
11,Sikkim,West District,Geyzing,"136,299",136435,149929,"1,166",1166,129,
33,Tamil Nadu,Ariyalur,Ariyalur,"752,481",,827729,"3,208",,258,
33,Tamil Nadu,Chengalpattu,Chengalpattu,"2,556,244",,2811868,"2,945",,955,
33,Tamil Nadu,Chennai,Chennai,"7,100,000",4646732,7810000,426,175,18333,
33,Tamil Nadu,Coimbatore,Coimbatore,"3,472,578",3458045,3819836,"7,469",4731.997041,511,
33,Tamil Nadu,Cuddalore,Cuddalore,"2,600,880",2605914,2860968,"3,999",3702.999974,715,
33,Tamil Nadu,Dharmapuri,Dharmapuri,"1,502,900",1506843,1653190,"4,532",4497,365,
33,Tamil Nadu,Dindigul,Dindigul,"2,161,367",2159775,2377504,"6,058",6036,392,
33,Tamil Nadu,Erode,Erode,"2,259,608",2251744,2485569,"5,714",5759.997004,435,
33,Tamil Nadu,Kallakurichi,Kallakurichi,"1,370,281",,1507309,"3,520",,428,
33,Tamil Nadu,Kancheepuram,Kanchipuram,"1,166,401",3998252,1283041,"1,656",4483,775,
33,Tamil Nadu,Kanyakumari,Nagercoil,"1,863,178",,2049496,"1,685",,1216,
33,Tamil Nadu,Karur,Karur,"1,076,588",,1184247,"2,901",,408,
33,Tamil Nadu,Krishnagiri,Krishnagiri,"1,883,731",1879809,2072104,"5,086",5129,407,
33,Tamil Nadu,Madurai,Madurai,"3,991,038",3038252,4390142,"3,676",3710.001452,1194,
33,Tamil Nadu,Mayiladuthurai,Mayiladuthurai,N/A,,N/A,N/A,,N/A,X
33,Tamil Nadu,Nagapattinam,Nagapattinam,"1,614,069",,1775476,"2,716",,654,
33,Tamil Nadu,The Nilgiris,Ooty,"735,071",735394,808578,"2,549",2564.997344,317,
33,Tamil Nadu,Namakkal,Namakkal,"1,721,179",,1893297,"3,429",,552,
33,Tamil Nadu,Perambalur,Perambalur,"564,511",,620962,"1,752",,354,
33,Tamil Nadu,Pudukkottai,Pudukkottai,"1,918,725",1618345,2110598,"4,651",4644,454,
33,Tamil Nadu,Ramanathapuram,Ramanathapuram,"1,337,560",1353445,1471316,"4,123",4103.999538,357,
33,Tamil Nadu,Ranipet,Ranipet,"1,210,277",,1331305,"2,234",,596,
33,Tamil Nadu,Salem,Salem,"3,480,008",3482056,3828009,"5,245",5236.999113,730,
33,Tamil Nadu,Sivaganga,Sivaganga,"1,341,250",1339101,1475375,"4,086",4233,361,
33,Tamil Nadu,Tenkasi,Tenkasi,1407627,,1548390,2916,,531,
33,Tamil Nadu,Tiruppur,Tirupur,"2,471,222",2479052,2718344,"5,106",5187,532,
33,Tamil Nadu,Tiruchirappalli,Tiruchirappalli,"2,713,858",2722290,2985244,"4,407",4509,677,
33,Tamil Nadu,Theni,Theni,"1,243,684",,1368052,"3,066",,446,
33,Tamil Nadu,Tirunelveli,Tirunelveli,"1,665,253",,1831778,"3,842",,477,
33,Tamil Nadu,Thanjavur,Thanjavur,"2,402,781",2405890,2643059,"3,397",3410.999592,778,
33,Tamil Nadu,Thoothukkudi,Thoothukudi,"1,738,376",1750176,1912214,"4,594",4745,416,
33,Tamil Nadu,Tirupathur,Tirupattur,"1,111,812",,1222993,"1,792",,682,
33,Tamil Nadu,Thiruvallur,Tiruvallur,"3,725,697",3728104,4098267,"3,424",3394,1197,
33,Tamil Nadu,Thiruvarur,Tiruvarur,"1,268,094",1264277,1394903,"2,377",2274.004268,587,
33,Tamil Nadu,Tiruvannamalai,Tiruvannaamalai,"2,468,965",2464875,2715862,"6,191",6188.00019,439,
33,Tamil Nadu,Vellore,Vellore,"1,614,242",3936331,1775666,"2,080",6075,854,
33,Tamil Nadu,Viluppuram,Viluppuram,"2,093,003",3458873,2302303,"3,725",7194,618,
33,Tamil Nadu,Virudhunagar,Virudhunagar,"1,943,309",1942288,2137640,"3,446",4240.998101,620,
36,Telangana,Adilabad,Adilabad,"708,952",2741239,779847,"4,185.97",16105,186,
36,Telangana,Komaram Bheem,Komaram Bheem,"515,835",,567419,"4,300.16",,132,
36,Telangana,Bhadradri Kothagudem,Kothagudem,"1,304,811",,1435292,"8,951.00",,160,
36,Telangana,Hyderabad,Hyderabad,"3,441,992",3943323,3786191,"4,325.29",216.9995611,875,
36,Telangana,Jagtial,Jagtial,"983,414",,1081755,"3,043.23",,355,
36,Telangana,Jangaon,Jangaon,"582,457",,640703,"2,187.50",,293,
36,Telangana,Jayashankar,Bhupalpalle,"712,257",,783483,"6,361.70",,123,
36,Telangana,Jogulamba Gadwal,Gadwal,"664,971",,731468,"2,928.00",,250,
36,Telangana,Kamareddy,Kamareddy,"972,625",,1069888,"3,651.00",,293,
36,Telangana,Karimnagar,Karimnagar,"1,016,063",3776269,1117669,"2,379.07",11823,470,
36,Telangana,Khammam,Khammam,"1,401,639",2797370,1541803,"4,453.00",16029,346,
36,Telangana,Mahabubabad,Mahabubabad,"770,170",,847187,"2,876.70",,294,
36,Telangana,Mahabubnagar,Mahbubnagar,"1,318,110",,1449921,"4,037.00",,359,
36,Telangana,Mancherial,Mancherial,"807,037",,887741,"4,056.36",,219,
36,Telangana,Medak,Medak,"767,428",3033288,844171,"2,740.89",9699,308,
36,Telangana,Medchal Malkajgiri,Shamirpet,"2,542,203",,2796423,"5,005.98",,559,
36,Telangana,Mulugu,Mulugu[disambiguation needed],"294,671",,324138,"3,881",,84,
36,Telangana,Nalgonda,Nalgonda,"1,631,399",3488809,1794539,"2,449.79",14240,733,
36,Telangana,Narayanpet,Narayanpet,"566,874",,623561,2336.44,,267,
36,Telangana,Nagarkurnool,Nagarkurnool,"893,308",,982639,"6,545.00",,150,
36,Telangana,Nirmal,Nirmal,"709,415",,780357,"3,562.51",,219,
36,Telangana,Nizamabad,Nizamabad,"1,534,428",2551335,1687871,"4,153.00",7956,406,
36,Telangana,Peddapalli,Peddapalle,"795,332",,874865,"4,614.74",,190,
36,Telangana,Rajanna Sircilla,Sircilla,"546,121",,600733,"2,030.89",,296,
36,Telangana,Ranga Reddy,Shamshabad,"2,551,731",,2806904,"1,038.00",,2704,
36,Telangana,Sangareddy,Sangareddy,"1,527,628",,1680391,"4,464.87",,376,
36,Telangana,Siddipet,Siddipet,"993,376",,1092714,"3,425.19",,319,
36,Telangana,Suryapet,Suryapet,"1,099,560",,1209516,"3,374.47",,358,
36,Telangana,Vikarabad,Vikarabad,"881,250",,969375,"3,385.00",,286,
36,Telangana,Wanaparthy,Wanaparthy,"751,553",,826708,"2,938.00",,281,
36,Telangana,Warangal Urban,Warangal,"1,135,707",,1249278,"1,304.50",,958,
36,Telangana,Warangal Rural,Warangal,"716,457",,788103,"2,175.50",,362,
36,Telangana,Yadadri Bhuvanagiri,Bhongiri,"726,465",,799112,"3,091.48",,258,
16,Tripura,Dhalai,Ambassa,"377,988",378230,415787,"2,400",2400,173,
16,Tripura,Gomati,"Udaipur, Tripura","436,868",,480555,1522.8,,316,
16,Tripura,Khowai,Khowai,"327,391",,360130,1005.67,,358,
16,Tripura,North Tripura,Dharmanagar,"415,946",693947,457541,1444.5,2036,317,
16,Tripura,Sipahijala,Bishramganj,"484,233",,532656,1044.78,,510,
16,Tripura,South Tripura,Belonia,"433,737",,477111,1534.2,,311,
16,Tripura,Unokoti,Kailashahar,"277,335",,305069,591.93,,515,
16,Tripura,West Tripura,Agartala,"917,534",,1009287,942.55,,1071,
9,Uttar Pradesh,Agra,Agra,"4,380,793",4418797,4818872,"4,027",4041,1197,
9,Uttar Pradesh,Aligarh,Aligarh,"3,673,849",3673889,4041234,"3,747",3650,1079,
9,Uttar Pradesh,Prayagraj,Allahabad,"5,959,798",,6555778,"5,481",,1196,
9,Uttar Pradesh,Ambedkar Nagar,Akbarpur,"2,398,709",2397888,2638580,"2,372",2350,1112,
9,Uttar Pradesh,Amethi,Gauriganj,"2,549,935",,2804929,"3,063",,916,
9,Uttar Pradesh,Amroha,Amroha,"1,838,771",,2022648,"2,321",,871,
9,Uttar Pradesh,Auraiya,Auraiya,"1,372,287",1379545,1509516,"2,051",2016,736,
9,Uttar Pradesh,Azamgarh,Azamgarh,"4,616,509",4613913,5078160,"4,053",4054,1253,
9,Uttar Pradesh,Baghpat,Baghpat,"1,302,156",1303048,1432372,"1,345",1321,1065,
9,Uttar Pradesh,Bahraich,Bahraich,"2,384,239",3487731,2622663,"4,926",5237,532,
9,Uttar Pradesh,Ballia,Ballia,"3,223,642",3239774,3546006,"2,981",2981,1190,
9,Uttar Pradesh,Balrampur,Balrampur,"2,149,066",2148665,2363973,"3,349",3349,706,
9,Uttar Pradesh,Banda,Banda,"1,799,541",1799410,1979495,"4,413",4408,449,
9,Uttar Pradesh,Bara banki,Barabanki,"3,257,983",3260699,3583781,"3,825",,937,
9,Uttar Pradesh,Bareilly,Bareilly,"4,465,344",4448359,4911878,"4,120",4120,1192,
9,Uttar Pradesh,Basti,Basti,"2,461,056",2464464,2707162,"2,687",2688,1008,
9,Uttar Pradesh,Bhadohi,Gyanpur,"1,554,203",,1709623,960,,1781,
9,Uttar Pradesh,Bijnor,Bijnor,"3,683,896",3682713,4052286,"4,561",4561,888,
9,Uttar Pradesh,Budaun,Budaun,"3,712,738",3681896,4084012,"5,168",5168,790,
9,Uttar Pradesh,Bulandshahr,Bulandshahr,"3,498,507",,3848358,"3,719",,1035,
9,Uttar Pradesh,Chandauli,Chandauli,"1,952,713",1952756,2147984,"2,554",2541,841,
9,Uttar Pradesh,Chitrakoot,Karwi,"990,626",991730,1089689,"3,202",3216,340,
9,Uttar Pradesh,Deoria,Deoria,"3,098,637",3100946,3408501,"2,535",2540,1345,
9,Uttar Pradesh,Etah,Etah,"1,761,152",1774480,1937267,"2,456",2431,789,
9,Uttar Pradesh,Etawah,Etawah,"1,579,160",1581810,1737076,"2,287",2311,760,
9,Uttar Pradesh,Faizabad,Faizabad,"2,468,371",2470996,2715208,"2,765",2341,982,
9,Uttar Pradesh,Farrukhabad,Fatehgarh,"1,887,577",1885204,2076335,"2,279",2181,911,
9,Uttar Pradesh,Fatehpur,Fatehpur,"2,632,684",2632733,2895952,"4,152",4152,697,
9,Uttar Pradesh,Firozabad,Firozabad,"2,496,761",2498156,2746437,"2,361",2407,1163,
9,Uttar Pradesh,Gautam Buddh Nagar,Noida,"1,674,714",,1842185,"1,269",,1452,
9,Uttar Pradesh,Ghaziabad,Ghaziabad,"4,661,452",4681645,5127597,"1,175",1179,4364,
9,Uttar Pradesh,Ghazipur,Ghazipur,"3,622,727",3620268,3985000,"3,377",3377,1180,
9,Uttar Pradesh,Gonda,Gonda,"3,431,386",3433919,3774525,"4,425",4003,853,
9,Uttar Pradesh,Gorakhpur,Gorakhpur,"4,436,275",4440895,4879903,"3,325",3321,1468,
9,Uttar Pradesh,Hamirpur,Hamirpur,"1,104,021",1104285,1214423,"4,325",4021,281,
9,Uttar Pradesh,Hapur,Hapur,"1,338,211",,1472032,660,,2230,
9,Uttar Pradesh,Hardoi,Hardoi,"4,091,380",4092845,4500518,"5,986",5986,752,
9,Uttar Pradesh,Hathras,Hathras,"1,565,678",,1722246,"1,752",,983,
9,Uttar Pradesh,Jalaun,Orai,"1,670,718",,1837790,"4,565",,403,
9,Uttar Pradesh,Jaunpur,Jaunpur,"4,476,072",4494204,4923679,"4,038",4038,1219,
9,Uttar Pradesh,Jhansi,Jhansi,"2,000,755",1998603,2200831,"5,024",5024,438,
9,Uttar Pradesh,Kannauj,Kannauj,"1,658,005",1656616,1823806,"1,993",2093,915,
9,Uttar Pradesh,Kanpur Dehat,Akbarpur,"1,795,092",1796184,1974601,"3,021",3021,654,
9,Uttar Pradesh,Kanpur Nagar,Kanpur,"4,572,951",4581268,5030246,"3,156",3155,1594,
9,Uttar Pradesh,Kasganj,Kasganj,"1,438,156",,1581972,"1,955",,809,
9,Uttar Pradesh,Kaushambi,Manjhanpur,"1,596,909",1599596,1756600,"1,837",1779,956,
9,Uttar Pradesh,Kushinagar,Padrauna,"3,560,830",3564544,3916913,"2,909",2905,1346,
9,Uttar Pradesh,Kheri,Lakhimpur,"4,013,634",4021243,4414997,"7,674",7680,575,
9,Uttar Pradesh,Lalitpur,Lalitpur,"1,218,002",1221592,1339802,"5,039",5039,266,
9,Uttar Pradesh,Lucknow,Lucknow,"4,588,455",4589838,5047301,"2,528",2528,1997,
9,Uttar Pradesh,Mahrajganj,Maharajganj,"2,665,292",2684703,2931821,"2,953",2952,993,
9,Uttar Pradesh,Mahoba,Mahoba,"876,055",875958,963661,"2,847",3144,338,
9,Uttar Pradesh,Mainpuri,Mainpuri,"1,847,194",1868529,2031913,"2,760",2760,736,
9,Uttar Pradesh,Mathura,Mathura,"2,541,894",2547184,2796083,"3,333",3340,839,
9,Uttar Pradesh,Mau,Mau,"2,205,170",2205968,2425687,"1,713",1713,1416,
9,Uttar Pradesh,Meerut,Meerut,"3,447,405",3443689,3792146,"2,522",2559,1504,
9,Uttar Pradesh,Mirzapur,Mirzapur,"2,494,533",2496970,2743986,"4,522",4405,607,
9,Uttar Pradesh,Moradabad,Moradabad,"4,773,138",4772006,5250452,"3,718",3718,1412,
9,Uttar Pradesh,Muzaffarnagar,Muzaffarnagar,"4,138,605",4143512,4552466,"4,008",4008,1136,
9,Uttar Pradesh,Pilibhit,Pilibhit,"2,037,225",2031007,2240948,"3,499",3686,640,
9,Uttar Pradesh,Pratapgarh,Pratapgarh,"3,173,752",3209141,3491127,"3,717",3717,939,
9,Uttar Pradesh,Rae Bareli,Raebareli,"3,404,004",3405559,3744404,"4,609",4609,812,
9,Uttar Pradesh,Rampur,Rampur,"2,335,398",2335819,2568938,"2,367",2367,1085,
9,Uttar Pradesh,Saharanpur,Saharanpur,"3,464,228",3466382,3810651,"3,689",3689,1033,
9,Uttar Pradesh,Sambhal,Sambhal,"2,217,020",,2438722,2453,,994,
9,Uttar Pradesh,Sant Kabir Nagar,Khalilabad,"1,714,300",1715183,1885730,"1,442",1646,1308,
9,Uttar Pradesh,Shahjahanpur,Shahjahanpur,"3,002,376",3006538,3302614,"4,575",4388,722,
9,Uttar Pradesh,Shamli,Shamli,"1,274,815",,1402297,"1,063",,1319,
9,Uttar Pradesh,Shrawasti,Shravasti,"1,114,615",1117361,1226077,"1,948",1640,629,
9,Uttar Pradesh,Siddharthnagar,Naugarh,"2,553,526",2559297,2808879,"2,751",2895,1021,
9,Uttar Pradesh,Sitapur,Sitapur,"4,474,446",4483992,4921891,"5,743",5743,857,
9,Uttar Pradesh,Sonbhadra,Robertsganj,"1,862,612",1862559,2048873,"6,788",6905,302,
9,Uttar Pradesh,Sultanpur,Sultanpur,"3,790,922",3797117,4170014,"4,436",4436,940,
9,Uttar Pradesh,Unnao,Unnao,"3,110,595",3108367,3421655,"4,561",4558,750,
9,Uttar Pradesh,Varanasi,Varanasi,"3,682,194",3676841,4050413,"1,535",1535,2639,
5,Uttarakhand,Gautam Buddha Nagar,Almora,"621,927",1648115,684120,"3,090",1282,221,
5,Uttarakhand,Bageshwar,Bageshwar,"259,840",259898,285824,"2,310",2241,124,
5,Uttarakhand,Chamoli,Gopeshwar,"391,114",391605,430225,"7,692",8029.999498,56,
5,Uttarakhand,Champawat,Champawat,"259,315",259648,285247,"1,781",1766,160,
5,Uttarakhand,Dehradun,Dehradun,"1,698,560",1696694,1868416,"3,088",3088,605,
5,Uttarakhand,Hardwar,Haridwar,"1,927,029",1890422,2119732,"2,360",2360,898,
5,Uttarakhand,Nainital,Nainital,"955,128",954605,1050641,"3,853",4251,273,
5,Uttarakhand,Garhwal,Pauri,"686,527",687271,755180,"5,438",5329,139,
5,Uttarakhand,Pithoragarh,Pithoragarh,"485,993",483439,534592,"7,110",7090,75,
5,Uttarakhand,Rudraprayag,Rudraprayag,"236,857",242285,260543,"1,896",1984,137,
5,Uttarakhand,Tehri Garhwal,New Tehri,"616,409",618931,678050,"4,085",3642,166,
5,Uttarakhand,Udham Singh Nagar,Rudrapur,"1,648,367",1648902,1813204,"2,912",2542,623,
5,Uttarakhand,Uttarkashi,Uttarkashi,"329,686",330086,362655,"7,951",8016,46,
28,West Bengal,Alipurduar,Alipurduar,"1,700,000","1,700,000",1870000,"3,383",,553,
28,West Bengal,Bankura,Bankura,"3,596,292","3,596,292",3955921,"6,882",,575,
28,West Bengal,Paschim Bardhaman,Asansol,"2,882,031","2,882,031",3170234,"1,603",,1978,
28,West Bengal,Purba Bardhaman,Bardhaman,"4,835,532","4,835,532",5319085,"5,433",,979,
28,West Bengal,Birbhum,Suri,"3,502,387",3502404,3852626,"4,545",4545,848,
28,West Bengal,Cooch Behar,Cooch Behar,"2,822,780","2,822,780",3105058,"3,387",,917,
28,West Bengal,Dakshin Dinajpur,Balurghat,"1,670,931",1676276,1838024,"2,183",2219,842,
28,West Bengal,Darjiling,Darjeeling,"1,842,034","1,842,034",2026237,"3,149","3,149",643,
28,West Bengal,Hooghly,Chinsurah,"5,520,389","5,520,389",6072428,"3,149",,1928,
28,West Bengal,Howrah,Howrah,"4,841,638","4,841,638",5325802,"1,467",,3630,
28,West Bengal,Jalpaiguri,Jalpaiguri,"3,869,675","3,869,675",4256643,"6,227",,684,
28,West Bengal,Jhargram,Jhargram,"1,136,548","1,136,548",1250203,"3,038",,412,
28,West Bengal,Kalimpong,Kalimpong,"251,642","251,642",276806,"1,054",,263,
28,West Bengal,Kolkata,Kolkata,"4,486,679",4496694,4935347,206.08,185,23949,
28,West Bengal,Maldah,English Bazar,"3,997,970","3,997,970",4397767,"3,733",,1178,
28,West Bengal,Murshidabad,Baharampur,"7,102,430","7,102,430",7812673,"5,324",,1467,
28,West Bengal,Nadia,Krishnanagar,"5,168,488","5,168,488",5685337,"3,927",,1448,
28,West Bengal,North 24 Parganas,Barasat,"10,082,852","10,082,852",11091137,"4,094",,2709,
28,West Bengal,Medinipur West,Midnapore,"5,094,238","5,094,238",5603662,"9,345",,600,
28,West Bengal,Purba Medinipur,Tamluk,"4,417,377",5095875,4859115,"4,736",4712.999764,1026,
28,West Bengal,Puruliya,Purulia,"2,927,965",2930115,3220762,"6,259",6259,515,
28,West Bengal,South 24 Parganas,Alipore,"8,153,176","8,153,176",8968494,"9,960",,900,
28,West Bengal,Uttar Dinajpur,Raiganj,"3,000,849",3007134,3300934,"3,180",3140,1038,
35,Andaman and Nicobar Islands,Nicobars,Car Nicobar,"36,842",36842,40526,"1,841",1841,22,
35,Andaman and Nicobar Islands,North & Middle Andaman,Mayabunder,"105,597","105,597",116157,"3,736",,31,
35,Andaman and Nicobar Islands,South Andaman,Port Blair,"238,142",238142,261956,"2,672",2672,98,
25,Daman and Diu,Daman,Daman,"191,173",191173,210290,72,72,2921,
25,Daman and Diu,Diu,Diu,"52,074",52074,57281,39,39,1469,
26,Dadra and Nagar Haveli and Daman and Diu,Dadra & Nagar Haveli,Silvassa,"343,709",343709,378080,491,491,770,
1,Jammu and Kashmir,Anantnag,Anantnag,"1,070,144",1078692,1177158,2853,3574,413,
1,Jammu and Kashmir,Bandipore,Bandipore,"385,099",392232,423609,"3,010",345,141,
1,Jammu and Kashmir,Baramula,Baramulla,"1,015,503",1008039,1117053,3329,4243,336,
1,Jammu and Kashmir,Badgam,Badgam,"735,753",753745,809328,1406,1361,576,
1,Jammu and Kashmir,Doda,Doda,"409,576",409936,450534,"11,691",8912,39,
1,Jammu and Kashmir,Ganderbal,Ganderbal,"297,003",297446,326703,1979,259,165,
1,Jammu and Kashmir,Jammu,Jammu,"1,526,406",1529958,1679047,"3,097",2342,542,
1,Jammu and Kashmir,Kathua,Kathua,"615,711",616435,677282,"2,651",2502,255,
1,Jammu and Kashmir,Kishtwar,Kishtwar,"230,696",230696,253766,7737,1644,33,
1,Jammu and Kashmir,Kulgam,Kulgam,"422,786",424483,465065,457,410,1018,
1,Jammu and Kashmir,Kupwara,Kupwara,"875,564",870354,963120,"2,379",2379,405,
1,Jammu and Kashmir,Punch,Poonch,"476,820",476835,524502,"1,674",1674,313,
1,Jammu and Kashmir,Pulwama,Pulwama,"570,060",560440,627066,"1,398",1086,449,
1,Jammu and Kashmir,Rajouri,Rajouri,"619,266",642415,681193,"2,630",2630,259,
1,Jammu and Kashmir,Ramban,Ramban,"283,313",283713,311644,"1,330",1329,234,
1,Jammu and Kashmir,Reasi,Reasi,"314,714",314667,346185,1710,1719,202,
1,Jammu and Kashmir,Samba,Samba,"318,611",318898,350472,913,904,384,
1,Jammu and Kashmir,Shupiyan,Shupiyan,"265,960",266215,292556,312,312,938,
1,Jammu and Kashmir,Srinagar,Srinagar,"1,269,751",1236829,1396726,"2,228",1979,627,
1,Jammu and Kashmir,Udhampur,Udhampur,"555,357",554985,610893,"4,550",2637,134,
37,Ladakh,Kargil,Kargil,"143,388",140802,157727,"14,036",14036,11,
37,Ladakh,Leh,Leh,"133,487","133,487",146836,"45,110",,3,
31,Lakshadweep,Lakshadweep,Kavaratti,"64,473",64473,70920,30,30,2364,
7,Delhi,Central Delhi,Daryaganj,"582,320","582,320",640552,25,,25622,
7,Delhi,East Delhi,Preet Vihar,"1,709,346","1,709,346",1880281,440,,4273,
7,Delhi,New Delhi,Connaught Place,"142,004",142004,156204,22,35,7100,
7,Delhi,North,Sadar Bazaar,"887,978",887978,976776,59,61,16556,
7,Delhi,North East,Seelampur,"2,241,624",2241624,2465786,52,62,47419,
7,Delhi,North West,Kanjhawala,"3,656,539",3656539,4022193,130,443,30940,
7,Delhi,Shahdara,Shahdara,N/A,"322,931",N/A,59.75,,N/A,
7,Delhi,South,Saket,"2,731,929",2731929,3005122,250,247,12020,
7,Delhi,South East,Defence Colony,N/A,637775,N/A,N/A,,N/A,
7,Delhi,South West,Vasant Vihar,"2,292,958",2292958,2522254,395,421,6385,
7,Delhi,West,Rajouri Garden,"2,543,243",2543243,2797567,112,130,24978,
34,Puducherry,Karaikal,Karaikal,"200,222",200222,220244,157,157,1403,
34,Puducherry,Mahe,MahÃ©,"41,816",41816,45998,9,9,5111,
34,Puducherry,Puducherry,Pondicherry,"950,289",950289,1045318,293,294,3568,
34,Puducherry,Yanam,Yanam,"55,626",55626,61189,30,30,2040,
,Total,,,,,1365290106,,,,
